Player,Tm,Pos,Type,Class,Details
Ricardo Allen,ATL,S,Achilles,I-R,Allen suffered a torn Achilles and is on the injured reserve list.
Andy Levitre,ATL,G,Tricep,I-R,Levitre is on the injured reserve list with a torn triceps.
Keanu Neal,ATL,S,Knee,I-R,Neal is on injured reserve with a torn ACL.
Brandon Fusco,ATL,G,Ankle,I-R,Fusco is on injured reserve due to an ankle injury.
Devonta Freeman,ATL,RB,Groin,I-R,"Freeman in on injured reserve with a groin injury, and it is unknown if he will be designated for return against the Cardinals in Week 15."
Deion Jones,ATL,LB,Foot,out,Jones has been activated from the Injured Reserve/Designated for Return list as he has recovered from a foot injury but will not return Sunday against the Cowboys.
Matt Bryant,ATL,K,Hamstring,probable,Bryant has sat out the past three games due to a sore right hamstring but is on track to be available against the Cowboys on Sunday.
Bruce Carter,ATL,LB,Knee,questionable,Carter is battling a knee injury and it is undetermined if it will hinder his availability against the Cowboys on Sunday.
Mohamed Sanu,ATL,WR,Hip,probable,Sanu is expected to play Sunday against the Cowboys despite a nagging hip injury.
De'Vondre Campbell,ATL,LB,Calf,questionable,Campbell is tending to a calf injury and it is uncertain if he will be available Sunday against the Cowboys.
Derrick Shelby,ATL,DE,Groin,questionable,Shelby has a groin injury and it is unclear if he will suit up against the Cowboys on Sunday.
Damontae Kazee,ATL,S,Shoulder,questionable,"Kazee is bothered by a shoulder injury, leaving his status for Sunday's tilt against the Cowboys hazy."
Cory Carter,BUF,P,Knee,I-R,Carter is recovering from a torn ACL and has been placed on injured reserve.
Taiwan Jones,BUF,RB,Neck,I-R,Jones has landed on injured reserve due to a neck injury.
Corey Bojorquez,BUF,P,Shoulder,I-R,Bojorquez has been placed on injured reserve with a shoulder injury.
Charles Clay,BUF,TE,Hamstring,questionable,Clay has been absent from the lineup during the last two games with a hamstring injury and it is undetermined if he will be available Week 12 against the Jaguars.
Matt Milano,BUF,LB,Concussion,probable,Milano departed the last game due to a concussion but is likely to be active Week 12 against the Jaguars.
Josh Allen,BUF,QB,Elbow,probable,Allen is sidelined with an injured ulnar collateral ligament but is expected to return Week 12 against the Jaguars.
Taron Johnson,BUF,CB,Shoulder,questionable,Johnson left the previous game with an injured shoulder and it is undetermined if he will line up against the Jaguars in Week 12.
Robert Foster,BUF,WR,Finger,questionable,Foster exited the previous game due to an injured finger and it is unclear if he will be in the lineup during Week 12 against the Jaguars.
Derek Anderson,BUF,QB,Concussion,questionable,Anderson has sat out the past two games while dealing with a concussion and it is unknown if he will be cleared in time for Week 12 against the Jaguars.
Trent Murphy,BUF,DE,Knee,questionable,Murphy is sidelined due to a knee injury and it is unclear if he will return to action against the Jaguars during Week 12.
Chris Ivory,BUF,RB,Shoulder,questionable,Ivory was held out of the last game due to a left shoulder injury and it is uncertain if he will participate in Week 12 against the Jaguars.
Da'Norris Searcy,CAR,S,Concussion,I-R,Searcy has been placed on injured reserve after suffering a concussion.
Kevon Seymour,CAR,CB,Shoulder,I-R,Seymour has been placed on injured reserve with a shoulder injury.
Jared Norris,CAR,LB,Toe,I-R,Norris has been placed on injured reserve after having toe surgery.
Marquis Haynes,CAR,DE,Illness,probable,Haynes has sat out the last five games due to an illness but it is expected he will return against the Lions on Sunday.
James Bradberry,CAR,CB,Illness,probable,Bradberry is ailing from an illness but it is likely he will play Sunday against the Lions.
Torrey Smith,CAR,WR,Knee,out,Smith has been held out of the previous three games with a knee injury and will not be available Sunday against the Lions.
Cam Newton,CAR,QB,Shoulder,probable,Newton is expected to be available against the Lions on Sunday despite an ongoing right shoulder injury.
Ryan Kalil,CAR,C,Ankle,questionable,Kalil is dealing with an ankle injury and it is unknown if he will be available Sunday against the Lions.
Greg Olsen,CAR,TE,Foot,probable,Olsen is likely to suit up against the Lions on Sunday despite a lingering foot injury.
Matt Kalil,CAR,T,Knee,I-R,Kalil is on the injured reserve list after having arthroscopic right knee surgery conducted during the preseason and will not make his season debut Sunday against the Lions.
Daryl Williams,CAR,T,Knee,I-R,Williams has been placed on the injured reserve list due to a knee injury. It is unknown if he will be activated in time for Sunday's contest against the Lions.
Elijah Hood,CAR,RB,Knee,I-R,Hood suffered a knee injury and is on the injured reserve list and it is unknown if he will suit up Sunday against the Lions.
Andre Smith,CAR,LB,Hamstring,questionable,Smith has missed the past five games due to a hamstring injury and it is unclear if he will return Sunday against the Lions.
Fozzy Whittaker,CAR,RB,Knee,I-R,Whittaker has landed on the injured reserve list after tearing his ACL.
Ross Cockrell,CAR,CB,Shin,I-R,Cockrell is on the injured reserve list as he had surgery to repair a fractured left fibula and tibia.
Damian Parms,CAR,S,Shoulder,I-R,Parms is on injured reserve with a shoulder injury.
Andrew Trumbetti,CHI,LB,Undisclosed,I-R,Trumbetti is on injured reserve due to an unspecified ailment.
Marcus Cooper,CHI,DB,Hamstring,out,Cooper Sr. is sidelined with a hamstring injury and it is unclear when he will return to the lineup.
Sam Acho,CHI,LB,Pectoral,I-R,Acho has been designated for injured reserve with a torn pectoral muscle.
Adam Shaheen,CHI,TE,Foot,questionable,Shaheen has been activated from the Injured Reserve/Designated for Return list. It is uncertain if he will suit up for Sunday's game against the Vikings.
Dion Sims,CHI,TE,Concussion,out,Sims missed the last game dealing with a concussion and will not be cleared in time for Sunday's matchup against the Vikings.
Bilal Nichols,CHI,DT,Knee,questionable,Nichols is dealing with a knee injury and it is unclear if he will participate in Sunday's game against the Vikings.
Javon Wims,CHI,WR,Knee,questionable,Wims has a knee injury and it is unclear if he will play Sunday against the Vikings.
Kyle Long,CHI,G,Foot,I-R,Long has been placed on injured reserve and is expected to miss six-to-eight weeks due to a right foot injury.
Zach Miller,CHI,TE,Leg,I-R,Miller is expected to miss the entire 2018 season while on the PUP list as he is recuperating from vascular surgery to repair a torn popliteal artery in his dislocated left knee that ended his 2017 season.
Ryan Glasgow,CIN,DT,Knee,I-R,Glasgow is on the injured reserve list with a torn ACL.
Trayvon Henderson,CIN,S,Arm,I-R,Henderson is on the injured reserve list with an arm injury.
Mason Schreck,CIN,TE,Knee,I-R,Schreck is on injured reserve due to a knee injury.
Tyler Eifert,CIN,TE,Ankle,I-R,Eifert is recovering from surgery to repair a broken right ankle while on the injured reserve list.
Adolphus Washington,CIN,DT,Knee,out,Washington is tending to a knee injury and will not be active Sunday against the Ravens.
Joe Mixon,CIN,HB,Knee,probable,Mixon was confined to a limited role in practice due to a knee injury but is expected to suit up for Sunday's contest against the Ravens.
John Ross,CIN,WR,Groin,questionable,Ross has a groin injury and it is unclear if he will play Sunday against the Ravens.
Josh Malone,CIN,WR,Hamstring,out,Malone missed the last game dealing with a hamstring injury and will not be available for Sunday's matchup against the Ravens.
Tyler Kroft,CIN,TE,Foot,I-R,Kroft is on the injured reserve list recovering from surgery to repair a fractured foot.
A.J. Green,CIN,WR,Toe,doubtful,Green sustained a toe injury on his right foot and it is unlikley he will suit up for Sunday's clash against the Ravens.
Preston Brown,CIN,LB,Leg,out,Brown is dealing with a leg injury and will not suit up against the Ravens on Sunday.
Vontaze Burfict,CIN,LB,Hip,probable,"Burfict has sat out the last two games due to a left hip injury but is expected to line up against the Ravens on Sunday, provided no setbacks occur."
Nick Vigil,CIN,LB,Knee,out,Vigil sustained a sprained MCL in his knee and will not return to the field Sunday against the Ravens.
Davontae Harris,CIN,CB,Knee,questionable,Harris has been activated from injured reserve after recovering from a knee sprain. It is unknown if he will suit up for Sunday's contest against the Ravens.
Vincent Rey,CIN,LB,Groin,questionable,Rey is bothered by a groin injury and it is uncertain if it will hinder his availability against the Ravens on Sunday.
Dre Kirkpatrick,CIN,CB,Concussion,questionable,Kirkpatrick has been entered into the league's concussion protocol and it unknown if he will be cleared in time for Sunday's contest against Ravens.
Darqueze Dennard,CIN,CB,Shoulder,questionable,Dennard has sat out the previous three games with a shoulder injury and it is uncertain if he will play Sunday against the Ravens.
Alex Redmond,CIN,G,Hamstring,questionable,"Redmond missed the last game hobbled by a hamstring injury, leaving his status clouded for Sunday's contest against the Ravens."
Cethan Carter,CIN,TE,Shoulder,I-R,Carter suffered a shoulder injury and is on the injured reserve list and it has yet to be established if he will return for Sunday's matchup against the Ravens.
Carl Lawson,CIN,DE,Knee,I-R,Lawson suffered a torn ACL in his knee and is on the injured reserve list.
Rod Taylor,CIN,G,Knee,I-R,Taylor has landed on injured reserve with a torn ACL.
Lenny Jones,CLE,DL,Undisclosed,I-R,Jones is on injured reserve due to an unspecified ailment.
Rod Streater,CLE,WR,Neck,I-R,Streater is on the injured reserve list with a broken bone in his neck.
Derrick Willies,CLE,WR,Shoulder,I-R,Willies has been placed on injured reserve with a shoulder injury and it is unknown if he will be activated in Week 14 against the Panthers.
Terrance Mitchell,CLE,DB,Forearm,I-R,Mitchell is on injured reserve due to a fractured forearm and is expected to miss at least eight weeks.
Tyrod Taylor,CLE,QB,Foot,questionable,Taylor has an injured foot and his availability for Week 12 against the Bengals is hazy.
Desmond Harrison,CLE,OL,Illness,questionable,Harrison has missed the last two games with an illness and it is unknown if he will be available for Week 12 versus the Bengals.
Da'Mari Scott,CLE,WR,Shoulder,questionable,Scott has missed the last three games dealing with a shoulder injury and it has yet to be established if he will be active for Week 12's tilt against the Bengals.
Christian Kirksey,CLE,LB,Hamstring,I-R,Kirksey is on injured reserve due to a hamstring injury.
E.J. Gaines,CLE,DB,Concussion,I-R,Gaines has landed on the injured reserve list with a concussion.
Howard Wilson,CLE,DB,Foot,I-R,Wilson is on the injured reserve list due to patellar tendon surgery.
Ricardo Louis,CLE,WR,Neck,I-R,Louis has landed on the injured reserve list due to neck surgery.
James Wright,IND,WR,Knee,I-R,Wright has reverted to the injured reserve list after passing through waivers with a knee injury.
Ronald Martin,IND,S,Shoulder,I-R,Martin has been placed on injured reserve due to a shoulder injury.
J'Marcus Webb,IND,T,Hamstring,I-R,Webb is on the injured reserve list due to a hamstring injury.
Brad Kaaya,IND,QB,Back,I-R,Kaaya is on injured reserve with a back injury.
Ross Travis,IND,TE,Knee,I-R,Travis has been designated for injured reserve due to a torn ACL.
Jihad Ward,IND,DT,Ankle,I-R,Ward has been placed on the injured reserve due to damage to the ligaments in his left ankle.
Marcus Johnson,IND,WR,Ankle,I-R,Johnson is recovering from surgery to repair a torn ligament in his right ankle while on the injured reserve list.
Matt Slauson,IND,C,Back,I-R,Slauson has landed on the injured reserve list due to two cracked vertebrae in his back.
Malik Hooker,IND,S,Hip,out,Hooker has a lingering hip injury and will not play Sunday against the Titans.
D.J. Killings,IND,CB,Ankle,out,Killings injured his ankle and will not be on the field against the Titans on Sunday.
Erik Swoope,IND,TE,Knee,out,Swoope has been held out his second-consecutive game with a knee injury and will not take part in Sunday's contest against the Titans.
Ryan Hewitt,IND,HB,Ankle,out,Hewitt was absent from the lineup during the previous game with an ankle injury and will not be in the lineup against the Titans on Sunday.
Anthony Walker,IND,LB,Neck,probable,Walker Jr. is hampered by a neck injury but is likely to suit up against the Titans on Sunday.
Clayton Geathers,IND,S,Knee,probable,Geathers is tending to a knee injury but is projected to be available Sunday against the Titans.
Denzelle Good,IND,T,Personal,probable,Good has missed the past four games due to a personal matter but is on track to return to the lineup Sunday against the Titans.
Kemoko Turay,IND,DE,Neck,probable,Turay was absent from the lineup during the previous game with a neck injury but is likely to be active Sunday against the Titans.
Matthias Farley,IND,S,Hamstring,I-R,Farley is battling a hamstring injury and has been placed on injured reserve.
Joe Haeg,IND,T,Ankle,questionable,Haeg has been activated from the injured reserve list after recovering from an ankle injury. It is unclear if he will suit up for Sunday's contest against the Titans.
Nate Hairston,IND,CB,Ankle,questionable,Hairston missed the last game with an ankle injury and it has yet to be established if he will face the Titans on Sunday.
Hassan Ridgeway,IND,DT,Illness,questionable,Ridgeway was held out of the previous game due to an illness and will it has yet to be determined if he will line up against the Titans on Sunday.
Mike Mitchell,IND,S,Calf,questionable,Mitchell sat out the last game due to a calf injury and it is uncertain if he will suit up against the Titans on Sunday.
Carroll Phillips,IND,DE,Groin,I-R,Phillips is on the injured reserve list due to a groin injury.
Deon Cain,IND,WR,Knee,I-R,Cain has landed on injured reserve as he suffered a torn ACL.
Jeremy Cash,ARI,LB,Knee,I-R,Cash is on injured reserve due to a knee injury.
Jonathan Owens,ARI,S,Knee,I-R,Owens is on injured reserve with a knee ailment.
Gabe Martin,ARI,LB,Achilles,I-R,Martin is recovering from an Achilles injury while on injured reserve.
Rodney Gunter,ARI,DT,Undisclosed,questionable,Gunter is dealing with an undefined issue and it is unclear if he will play on Sunday against the Raiders.
Budda Baker,ARI,S,Knee,out,Baker has a knee injury and will not play Sunday against the Raiders.
Chad Williams,ARI,WR,Ankle,out,Williams missed the last game with an ankle injury and will not play in Sunday's matchup with the Raiders.
Jeremy Vujnovich,ARI,G,Hamstring,probable,Vujnovich is hobbled by an injured hamstring but is likely to be available Sunday against the Raiders.
Corey Peters,ARI,DT,Heel,probable,Peters is nursing a heel injury but is not expected to impede his status for Sunday's game against the Raiders.
D.J. Humphries,ARI,OL,Knee,questionable,Humphries is tending to a knee injury and it is uncertain if he will be available Sunday against the Raiders.
Phil Dawson,ARI,K,Hip,questionable,Dawson is dealing with a right hip injury and it is unknown if he will suit up against the Raiders on Sunday.
Josh Bynes,ARI,LB,Wrist,questionable,Bynes is bothered by a wrist injury and it is undetermined if he will take the field against the Raiders on Sunday.
Rudy Ford,ARI,S,Heel,questionable,Ford left the last game with an injured heel and it has yet to be determined if he will be available for Sunday's contest against the Raiders.
Justin Pugh,ARI,OL,Knee,I-R,Pugh has been designated for the injured reserve list with a torn MCL in his left knee.
Robert Nkemdiche,ARI,DT,Calf,questionable,Nkemdiche missed the last game nursing a calf injury and it is uncertain if he will be available for Sunday's contest against the Raiders.
Mike Iupati,ARI,OL,Back,questionable,Iupati missed the last game dealing with a back injury and it is unknown if he will suit up against the Raiders on Sunday.
John Wetzel,ARI,OL,Neck,I-R,Wetzel has been placed on injured reserve due to a neck injury.
D.J. Foster,ARI,RB,Knee,I-R,Foster has been placed on injured reserve after he tore his ACL and MCL in his knee.
A.Q. Shipley,ARI,OL,Knee,I-R,Shipley is on injured reserve after suffering a torn right ACL.
Datone Jones,DAL,DE,Hamstring,I-R,Jones has landed on the injured reserve list due to a hamstring injury.
C.J. Goodwin,DAL,CB,Forearm,I-R,Goodwin has landed on the injured reserve as he recovers from surgery to repair a fractured forearm.
Travis Frederick,DAL,C,Illness,I-R,Frederick in on the injured reserve list as he has been diagnosed with a condition known as Guillain Barre Syndrome that impacts the autoimmune system. It is unknown if he will be activated in Week 15 against the Colts.
Daniel Ross,DAL,DT,Calf,out,Ross exited the previous game due to a calf strain and will not suit up for Sunday's contest against the Falcons.
Antwaun Woods,DAL,DT,Concussion,doubtful,Woods has been diagnosed with a concussion and it is unlikely he will be cleared in time for Sunday's clash against the Falcons.
Taco Charlton,DAL,DE,Shoulder,out,Charlton missed the last game due to a shoulder injury and will not face the Falcons on Sunday.
Zack Martin,DAL,G,Knee,questionable,Martin has a knee injury and it is unclear if he will play Sunday against the Falcons.
Tavon Austin,DAL,WR,Groin,out,Austin has sat out the previous three games due to a groin strain and will not return to the field Sunday against the Falcons.
Tyron Smith,DAL,T,Back,questionable,Smith is dealing with a back spasms and it is unknown if he will suit up against the Falcons on Sunday.
Parker Ehinger,DAL,G,Knee,I-R,Ehinger is on injured reserve with a knee injury and it has yet to be determined if he will be activated against the Falcons on Sunday.
Joe Thomas,DAL,LB,Foot,questionable,Thomas has missed the past four games with a foot injury and it is unclear if he will return against the Falcons on Sunday.
Maliek Collins,DAL,DT,Knee,questionable,Collins was removed from the last game due to a knee injury and it has yet to be established if he will be active for Sunday's contest against the Falcons.
Cedrick Wilson,DAL,WR,Shoulder,I-R,Wilson is on the injured reserve list due to a torn labrum in his shoulder and it is unclear if he will be activated in time for Sunday's contest against the Falcons.
Connor Williams,DAL,G,Knee,questionable,Williams sat out the previous game due to a knee injury and it is undetermined if he will be available against the Falcons on Sunday.
Terrance Williams,DAL,WR,Foot,I-R,Williams is on injured reserve while recovering from surgery to repair a right foot injury and it is uncertain if he will return Week 13 against the Saints.
Sean Lee,DAL,LB,Hamstring,out,Lee suffered a hamstring injury and is expected to need four-to-six weeks to heal.
David Irving,DAL,DL,Ankle,out,Irving has a high-ankle sprain and is expected to miss four-to-six weeks.
Jameill Showers,DAL,S,Knee,I-R,Showers is on injured reserve due to a torn ACL.
Marcus Martin,DAL,G,Toe,I-R,Martin has been designated for the injured reserve list due to a ligament tear in his right big toe.
Deiontrez Mount,DEN,LB,Achilles,I-R,Mount has landed on injured reserve with an Achilles injury.
Jerrol Garcia-Williams,DEN,LB,Knee,I-R,Garcia-Williams is on the injured reserve list due to a torn ACL.
Ronald Leary,DEN,G,Achilles,I-R,Leary suffered a torn Achilles and has landed on the injured reserve list.
Sam Jones,DEN,G,Back,out,Jones is sidelined due to a lower-back injury and there is no timetable for return.
Jake Butt,DEN,TE,Knee,I-R,Butt has been placed on IR after suffering a non-contact torn ACL in his left knee.
Max Garcia,DEN,G,Knee,out,Garcia has a torn ACL and is likley to miss the remainder of the 2018 season.
Dymonte Thomas,DEN,S,Ankle,out,Thomas has an ankle injury and will not play Sunday against the Chargers.
Brandon Marshall,DEN,LB,Knee,out,Marshall sat out the previous game due to a bone bruise in his knee and will not take the field against the Chargers on Sunday.
Bradley Roby,DEN,CB,Ankle,probable,Roby was absent from the lineup during the previous game due to an ankle injury but is likely to face the Chargers on Sunday.
Darian Stewart,DEN,S,Stinger,probable,Stewart has missed the last two games due to a stinger but is expected to suit up Sunday against the Chargers.
Joseph Jones,DEN,LB,Foot,questionable,Jones is dealing with an injured foot and it is unknown if he will suit up against the Chargers on Sunday.
Troy Fumagalli,DEN,TE,Groin,I-R,Fumagalli is dealing with a groin injury and has landed on the injured reserve list and it is unclear if he will be activated in time for Sunday's matchup against the Chargers.
Nico Falah,DEN,G,Concussion,questionable,Falah has been held out of the last two games with a concussion and it is uncertain if he will be cleared in time for Sunday's contest against the Chargers.
DaeSean Hamilton,DEN,WR,Knee,probable,Hamilton is sidelined due to an MCL sprain in his right knee but is likely to return to the lineup Sunday against the Chargers.
Royce Freeman,DEN,RB,Ankle,probable,Freeman has been held out of the past two games due to a high-ankle sprain but is projected to return against the Chargers on Sunday.
Matt Paradis,DEN,C,Shin,I-R,Paradis has been placed on the injured reserve list due to a fractured right fibula.
Jordan Taylor,DEN,WR,Hip,I-R,Taylor is on the active PUP list as he is recovering from hip surgery.
Jamal Carter,DEN,S,Hamstring,I-R,Carter has landed on injured reserve due to a substantial hamstring injury.
Jamal Agnew,DET,CB,Knee,I-R,Agnew has landed on the injured reserve list due to a serious knee injury.
A'Shawn Robinson,DET,DT,Ankle,out,Robinson is nursing an ankle injury and will not be available against the Panthers on Sunday.
Michael Roberts,DET,TE,Shoulder,out,Roberts left the last game due to a shoulder injury and will not be active Sunday against the Panthers.
Sam Martin,DET,P,Undisclosed,probable,Martin has an unspecified injury but is expected to take the field Sunday against the Panthers.
Marvin Jones,DET,WR,Knee,out,Jones Jr. left the last game due to a knee contusion and will not be available Sunday against the Panthers.
Darius Slay,DET,CB,Knee,probable,Slay missed the last game with a knee injury but is expected to be active Sunday against the Panthers.
T.J. Lang,DET,G,Neck,I-R,Lang is on injured reserve due to a neck injury.
Damon Harrison,DET,DT,Shoulder,questionable,Harrison is battling a shoulder injury and it is uncertain if he will be active Sunday against the Panthers.
Ezekiel Ansah,DET,DE,Shoulder,questionable,Ansah is dealing with a shoulder injury and it is unknown if he will suit up against the Panthers on Sunday.
Luke Willson,DET,TE,Shoulder,questionable,Willson is dealing with a shoulder injury and it has yet to be determined if he will be available Sunday against the Panthers.
Jalen Reeves-Maybin,DET,LB,Toe,questionable,Reeves-Maybin has missed the last two games with injuries to his toe and neck. It is unclear if he will play Sunday against the Panthers.
Eli Harold,DET,LB,Shoulder,questionable,Harold missed the last game tending to a shoulder injury and it is unknown if he will be available Sunday against the Panthers.
Nick Bawden,DET,FB,Knee,I-R,Bawden is on the injured reserve list due to a torn ACL.
Steve Longa,DET,LB,Knee,I-R,Longa has landed on injured reserve as he suffered a torn ACL.
Muhammad Wilkerson,GNB,DL,Ankle,I-R,Wilkerson had surgery to repair a significant ankle injury and has been placed on injured reserve.
Kyle Murphy,GNB,T,Ankle,I-R,Murphy has landed on the injured reserve list due to an ankle issue.
Cole Madison,GNB,G,Personal,I-R,Madison has been placed on the IR/Did Not Report list as he is away from the team and it is uncertain when he will return.
Davon House,GNB,CB,Shoulder,I-R,House has landed on injured reserve while recovering from shoulder surgery.
Jake Kumerow,GNB,WR,Shoulder,I-R,Kumerow is on injured reserve due to a sprained SC joint and it is unclear if he will be activated in time for Week 12 against the Vikings.
Jimmy Graham,GNB,TE,Thumb,questionable,Graham exited the last game with a broken left thumb and it is unclear if he will take part in Week 12 against the Vikings.
Randall Cobb,GNB,WR,Hamstring,questionable,Cobb has sat out the last two games due to a lingering hamstring injury and it is unknown if he will be in the lineup against the Vikings during Week 12.
Bashaud Breeland,GNB,CB,Groin,questionable,Breeland left the previous game due to a groin injury and his availability against the Vikings during Week 12 has yet to be established.
Lucas Patrick,GNB,G,Concussion,questionable,Patrick was absent from the lineup during the previous game with a concussion and it is undetermined if he will be cleared in time for Week 12 against the Vikings.
Kevin King,GNB,CB,Hamstring,questionable,King has missed the past two games due to an injured hamstring and it is unclear if he will suit up Week 12 against the Vikings.
Raven Greene,GNB,S,Ankle,questionable,Greene departed the last game due to an ankle injury and it has yet to be determined if he will face the Vikings during Week 12.
Mike Daniels,GNB,DL,Foot,questionable,Daniels was lifted from the previous game due to a foot injury and his status for Week 12 against the Vikings is in question.
Kentrell Brice,GNB,S,Ankle,questionable,Brice sat out the last game due to an ankle injury and it has yet to be established if he will be available against the Vikings in Week 12.
Nick Perry,GNB,LB,Knee,questionable,Perry has been held out of the previous two games due to a knee injury and it is uncertain if it will impede his status for Week 12 against the Vikings.
Geronimo Allison,GNB,WR,Groin,I-R,Allison has been placed on injured reserve with a core-muscle injury.
Jake Ryan,GNB,LB,Knee,I-R,Ryan is on injured reserve with a torn ACL.
Seantrel Henderson,HOU,T,Ankle,I-R,Henderson has landed on the injured reserve list after undergoing surgery for a broken ankle.
Will Fuller,HOU,WR,Knee,I-R,Fuller V is on the injured reserve list due to a torn ACL in his right knee.
Kayvon Webster,HOU,CB,Quadricep,I-R,Webster has been placed on injured reserve with a strained quadriceps muscle.
Duke Ejiofor,HOU,LB,Shoulder,out,Ejiofor left the previous game due to a shoulder injury and will not be active Sunday against the Redskins.
Johnathan Joseph,HOU,CB,Knee,questionable,Joseph is suffering from a sprained MCL in his left knee and a high-ankle sprain and it is unclear if he will return to the field against the Redskins on Sunday.
Zach Cunningham,HOU,LB,Knee,out,Cunningham is sidelined with a knee injury and will not return to the lineup against the Redskins on Sunday.
Keke Coutee,HOU,WR,Hamstring,questionable,Coutee has sat out the past two games with an injured hamstring and it is unclear if he will return Sunday against the Redskins.
D'Onta Foreman,HOU,RB,Achilles,doubtful,Foreman has been activated from the PUP list after recovering from a torn Achilles. He is not expected to make his season debut against the Redskins on Sunday.
Whitney Mercilus,HOU,LB,Ankle,questionable,Mercilus hurt his ankle and it has yet to be determined if he will line up against the Redskins on Sunday.
DeAndre Hopkins,HOU,WR,Foot,probable,Hopkins is expected to suit up against the Redskins on Sunday despite a lingering foot injury.
Kevin Johnson,HOU,CB,Concussion,I-R,Johnson has been placed on injured reserve due to a concussion and it is unknown if he will be activated in time for Sunday's contest against the Redskins.
Jermaine Kelly,HOU,CB,Undisclosed,I-R,Kelly has been placed on injured reserve with an unspecified ailment and it is uncertain if he will be available against the Redskins on Sunday.
Andre Hal,HOU,S,Shoulder,questionable,Hal has been absent from the lineup during the last two games due to a shoulder injury and it is uncertain if he will return to the lineup Sunday against the Redskins.
Aaron Colvin,HOU,CB,Ankle,questionable,Colvin is recovering from a severe ankle injury and it is unclear if he will return to action against the Redskins on Sunday.
Senio Kelemete,HOU,G,Thigh,questionable,Kelemete departed the last game due to a thigh injury and it is undetermined if he will take part in Sunday's contest against the Redskins.
Dylan Cole,HOU,LB,Wrist,I-R,Cole dislocated his wrist and is on injured reserve. It is unknown if he will be activated in time for Week 12 against the Titans.
Cam Robinson,JAX,OL,Knee,I-R,Robinson has landed on injured reserve after suffering a torn ACL.
DeAndre Goolsby,JAX,TE,Undisclosed,I-R,Goolsby is on injured reserve due to an unspecified injury.
Michael Hughes,JAX,DT,Undisclosed,I-R,Hughes is on injured reserve with an unspecified injury.
Donald Payne,JAX,LB,Knee,I-R,Payne has been placed on the injured reserve list due to a sprained MCL in his knee and it is unknown if he will be activated in time for Week 16 against the Dolphins.
Will Richardson,JAX,OL,Knee,I-R,Richardson Jr. has been placed on injured reserve with a knee injury.
Niles Paul,JAX,TE,Knee,I-R,Paul has been designated for the injured reserve list due to a sprained MCL in his knee and it is unknown if he will return to action against the Redskins in Week 15.
Jaydon Mickens,JAX,WR,Ankle,I-R,Mickens has been placed on injured reserve due to a fractured ankle injury and it is undetermined if he will return Week 15 against the Redskins.
Carson Tinker,JAX,LS,Knee,I-R,Tinker has been designated for injured reserve due to a knee injury.
Josh Wells,JAX,OL,Groin,I-R,Wells has been placed on injured reserve with a groin injury.
Corey Grant,JAX,RB,Foot,I-R,Grant has been placed on the injured reserve list due to a Lisfranc injury in his foot.
Austin Seferian-Jenkins,JAX,TE,Abdominal,I-R,Seferian-Jenkins has landed on injured reserve due to a core-muscle injury. He can be designated for return against the Titans in Week 14.
Josh Walker,JAX,OL,Foot,doubtful,Walker is dealing with an injured foot and is not expected to suit up for Sunday's game against the Steelers.
Eli Ankou,JAX,DT,Calf,doubtful,Ankou was absent from the lineup during the last game due to a calf injury and it is unlikely he will be available Sunday against the Steelers.
Quenton Meeks,JAX,CB,Knee,out,Meeks is recovering from a sprained MCL in his right knee and will not return Sunday against the Steelers.
Lerentee McCray,JAX,DE,Hamstring,probable,McCray sat out the previous game due to a hamstring injury but is projected to be in the lineup against the Steelers on Sunday.
A.J. Cann,JAX,OL,Hamstring,questionable,Cann was confined to a limited role in practice with a hamstring injury and it has yet to be determined if he will be on the field for Sunday's game against the Steelers.
Marcell Dareus,JAX,DT,Tricep,questionable,Dareus is tending to an injured triceps muscle and it is undetermined if he will suit up against the Steelers on Sunday.
A.J. Bouye,JAX,CB,Calf,probable,Bouye has missed the past two games with a left calf injury but is expected to suit up Sunday against the Steelers.
Ereck Flowers,JAX,T,Knee,questionable,Flowers left the previous game with a knee injury and his status Sunday against the Steelers is in question.
Brandon Linder,JAX,OL,Knee,I-R,Linder suffered a right knee injury and is on injured reserve.
Marqise Lee,JAX,WR,Knee,I-R,Lee has landed on injured reserve due to ligament damage in his knee.
Step Durham,KAN,DB,Undisclosed,I-R,Durham has reverted to the injured reserve list with an unspecified injury after clearing waivers.
Tejan Koroma,KAN,OL,Knee,I-R,Koroma is on injured reserve with an unspecified injury.
J.D. Moore,KAN,RB,Undisclosed,I-R,Moore is on injured reserve with an unspecified injury.
Dillon Gordon,KAN,OL,Shoulder,I-R,Gordon is on injured reserve with a shoulder injury.
Byron Pringle,KAN,WR,Hamstring,I-R,Pringle sustained a hamstring injury and is on the injured reserve list.
Terrance Smith,KAN,LB,Knee,I-R,Smith has been placed on injured reserve due to a torn ACL in his right knee.
Jordan Devey,KAN,OL,Pectoral,I-R,Devey has a pectoral injury and has been placed on injured reserve.
Mitch Morse,KAN,OL,Concussion,out,Morse suffered a concussion and will miss an undetermined length of time.
De'Anthony Thomas,KAN,WR,Leg,I-R,Thomas is on injured reserve due to a lower-leg fracture.
Laurent Duvernay-Tardif,KAN,OL,Shin,I-R,Duvernay-Tardif is on the injured reserve list due to a broken fibula a Maisonneuve fracture in his leg.
Armani Watts,KAN,DB,Groin,I-R,Watts has been designated for the injured reserve list due to a groin injury and it is unclear if he will be activated in time for Week 14 against the Ravens.
Alex Ellis,KAN,TE,Undisclosed,I-R,Ellis is on injured reserve due to an unspecified ailment.
Sammy Watkins,KAN,WR,Foot,questionable,Watkins missed the last game with a foot injury and it is unknown if he will take part in Monday's matchup against the Rams.
Patrick Mahomes,KAN,QB,Foot,probable,Mahomes is expected to be available against the Rams on Monday despite a foot injury.
Anthony Hitchens,KAN,LB,Ribs,probable,Hitchens left the last game with injured ribs but is likely to be available for Monday's contest against the Rams.
Frank Zombo,KAN,LB,Hamstring,probable,Zombo has missed the last two games due to a hamstring injury but is likely to partake in Monday's contest against the Rams.
Eric Berry,KAN,DB,Achilles,out,Berry is sidelined with a bone spur that digs into the Achilles and there is currently no timetable for his return.
William Hayes,MIA,DE,Knee,I-R,Hayes is on the injured reserve list due to a torn ACL.
Josh Sitton,MIA,G,Shoulder,I-R,Sitton has a torn rotator cuff and has been placed on the injured reserve list.
MarQueis Gray,MIA,TE,Achilles,I-R,Gray has landed on the injured reserve list with a torn Achilles.
Vincent Taylor,MIA,DT,Foot,I-R,Taylor has been placed on injured reserve due to a substantial foot injury.
Albert Wilson,MIA,WR,Hip,I-R,Wilson has landed on injured reserve with a hip injury.
Chase Allen,MIA,LB,Foot,I-R,Allen has been placed on injured reserve with a foot injury.
Luke Falk,MIA,QB,Wrist,I-R,Falk has landed on injured reserve nursing a wrist injury and is expected to miss the remainder of the 2018 season.
Daniel Kilgore,MIA,C,Arm,I-R,Kilgore has landed on injured reserve with a torn triceps muscle.
Jakeem Grant,MIA,WR,Leg,out,Grant will miss a to-be-determined length of time after suffering an Achilles injury.
DeVante Parker,MIA,WR,Shoulder,questionable,Parker was removed from the last game due to a sprained AC joint in his shoulder. It has yet to be established if he will take part in Week 12 against the Colts.
Charles Harris,MIA,DE,Calf,questionable,Harris has been absent from the lineup during the past five games with a calf injury and it is unknown if he will return to the lineup against the Colts in Week 12.
Kenyan Drake,MIA,RB,Shoulder,questionable,Drake left the previous game due to a shoulder injury and it is unknown if he will participate in Week 12 against the Colts.
Laremy Tunsil,MIA,T,Knee,questionable,Tunsil sat out the previous game due to a knee injury and it is uncertain if he will be available Week 12 against the Colts.
Ryan Tannehill,MIA,QB,Shoulder,questionable,Tannehill has been held out of the lineup with a capsule injury in his throwing shoulder and it is unclear if he will return to action Week 12 against the Colts.
Bobby McCain,MIA,CB,Head,questionable,McCain departed the last game due to a head injury and it is unclear if he will be active Week 12 against the Colts.
Ted Larsen,MIA,C,Neck,questionable,Larsen was held out of the previous game due to a neck injury and it is undetermined if he will be in the lineup against the Colts during Week 12.
Ja'Wuan James,MIA,T,Knee,questionable,James missed the last game due to a strained patellar tendon and it is uncertain if he will face the Colts during Week 12.
Cordrea Tankersley,MIA,CB,Knee,I-R,Tankersley has been placed on injured reserve with a torn ACL.
Aviante Collins,MIN,T,Elbow,I-R,Collins is on the injured reserve list due to a right elbow injury.
Johnny Stanton,MIN,FB,Leg,I-R,Stanton has landed on the injured reserve list with a leg injury.
Jabari Price,MIN,TE,Knee,I-R,Price is on the injured reserve list with a knee injury.
Mike Hughes,MIN,CB,Knee,I-R,Hughes is on injured reserve with a torn ACL in his left knee.
Andrew Sendejo,MIN,S,Groin,out,Sendejo has sat out the past four games due to a groin injury and will not return to the lineup against the Bears on Sunday.
David Morgan,MIN,TE,Knee,out,Morgan was lifted from the previous game with a knee injury and will not take part in Sunday's contest against the Bears.
Adam Thielen,MIN,WR,Back,probable,Thielen has injuries to his back and calf but is expected to be available for Sunday's matchup against the Bears.
Dalvin Cook,MIN,RB,Hamstring,probable,Cook is expected to suit up against the Bears on Sunday despite a hamstring injury.
Mike Remmers,MIN,G,Back,questionable,Remmers is battling a back injury and it is undetermined if he will suit up against the Bears on Sunday.
Xavier Rhodes,MIN,CB,Foot,questionable,Rhodes is nursing a foot injury and it is unknown if he will face the Bears on Sunday.
Stefon Diggs,MIN,WR,Ribs,probable,Diggs is expected to take the field Sunday against the Bears after sitting out the past two games due to a rib injury.
Tom Compton,MIN,G,Knee,questionable,Compton has sat out the last two games with a sprained MCL in his knee and it is unknown if he will suit up Sunday against the Bears.
Anthony Barr,MIN,LB,Hamstring,questionable,Barr has been absent from the lineup during the previous two games due to a right hamstring injury and it is unknown if he will play Sunday against the Bears.
Hercules Mata'afa,MIN,DE,Knee,I-R,Mata'afa is on the injured reserve list due to a torn ACL.
Ade Aruna,MIN,DE,Knee,I-R,Aruna has landed on injured reserve due to a torn ACL in his right knee.
Nick Easton,MIN,G,Neck,I-R,Easton is on the injured reserve list while recovering from surgery to repair a herniated disc in his neck.
Patrick Robinson,NOR,CB,Ankle,I-R,Robinson is on the injured reserve list with a broken left ankle and torn ligaments.
Daniel Lasco,NOR,RB,Neck,I-R,"Lasco is on the PUP list with a bulging disc in his neck. Although he will be forced to sit out six weeks, he is likely to miss the entire season."
Rickey Jefferson,NOR,DB,Knee,I-R,Jefferson is on injured reserve with a knee injury.
Travin Dural,NOR,WR,Arm,I-R,Dural is on injured reserve after having surgery to repair a broken humerus.
Michael Hoomanawanui,NOR,TE,Neck,I-R,Hoomanawanui is on the injured reserve list due to a neck injury.
Josh LeRibeus,NOR,G,Ankle,I-R,LeRibeus has been designated for the injured reserve list with an ankle injury.
Jay Bromley,NOR,DT,Bicep,I-R,Bromley is on injured reserve due to a torn biceps.
Ted Ginn,NOR,WR,Knee,I-R,Ginn Jr. has been placed on injured reserve due to a knee injury and it is undetermined if he will be activated in time for Week 15 against the Panthers.
Austin Carr,NOR,WR,Knee,probable,Carr has a knee injury but is expected to play Sunday against the Eagles.
Ryan Ramczyk,NOR,T,Knee,questionable,Ramczyk is bothered by a knee injury and it has yet to be established if he will take the field against the Eagles on Sunday.
Terron Armstead,NOR,T,Shoulder,out,Armstead sustained an injury to his pectoral muscle and is expected to need three-to-four weeks to recover.
Andrus Peat,NOR,T,Hip,questionable,Peat is battling a hip injury and it is uncertain if he will be available Sunday against the Eagles.
Tyeler Davison,NOR,DT,Hand,questionable,Davison is nursing a hand injury and it is unknown if he will suit up against the Eagles on Sunday.
Mitchell Loewen,NOR,DL,Neck,questionable,Loewen has missed the past three games due to a neck injury and it is unclear if he will partake in Sunday's contest against the Eagles.
Dez Bryant,NOR,WR,Achilles,I-R,Bryant suffered a torn Achilles and is on the injured reserve list.
Cameron Meredith,NOR,WR,Knee,I-R,Meredith is on the injured reserve list recovering from arthroscopic left knee surgery.
Tommylee Lewis,NOR,WR,Knee,I-R,Lewis is on the Injured Reserve/Designated for Return list due to a knee injury and it is unknown if he will return for Week 12 against the Falcons.
Marcus Davenport,NOR,DE,Toe,out,Davenport has a toe injury and is expected to miss one month of game action.
Ulrick John,NWE,OL,Foot,I-R,John has been placed on injured reserve while he is recovering from foot surgery to repair a torn tendon.
Darren Andrews,NWE,WR,Knee,I-R,Andrews reverted back to the injured reserve Non-Football Injury list with a season-ending torn ACL.
Jeremy Hill,NWE,RB,Knee,I-R,Hill has been placed on the injured reserve list as he suffered a torn ACL in his knee.
Ryan Izzo,NWE,TE,Ankle,I-R,Izzo has landed on injured reserve with an ankle injury.
Braxton Berrios,NWE,WR,Undisclosed,I-R,Berrios has landed on injured reserve with an unspecified ailment.
Isaiah Wynn,NWE,OL,Achilles,I-R,Wynn suffered a torn Achilles and is on the injured reserve list.
Christian Sam,NWE,LB,Undisclosed,I-R,Sam has been designated for the injured reserve list with an unspecified injury.
Eric Rowe,NWE,DB,Groin,I-R,Rowe has been placed on the injured reserve list due to a groin injury.
Julian Edelman,NWE,WR,Ankle,probable,Edelman departed the last game due to an ankle injury but is expected to face the Jets during Week 12.
Rob Gronkowski,NWE,TE,Ankle,probable,Gronkowski has been held out of the previous two games with injuries to his ankle and back. He is projected to return Week 12 against the Jets.
Duke Dawson,NWE,DB,Hamstring,probable,Dawson has been activated from the Injured Reserve/Designated for Return list as he has recovered from a hamstring injury and is likely to be available Week 12 against the Jets.
Shaq Mason,NWE,OL,Calf,questionable,Mason has missed the past two games due to a calf injury and it is unclear if he will line up against the Jets in Week 12.
Trent Brown,NWE,OL,Back,questionable,Brown left the previous game with a back injury and his status is in question for Week 12 against the Jets.
Dwayne Allen,NWE,TE,Lower Body,questionable,Allen exited the last game due to a lower-body injury and it is undetermined if he will be active for Week 12 against the Jets.
Ja'Whaun Bentley,NWE,LB,Arm,I-R,Bentley has been placed on the injured reserve list with a right arm injury.
Rex Burkhead,NWE,RB,Neck,I-R,Burkhead has landed on Injured Reserve/Designated for Return list due to a neck injury. It is unknown if he will be activated in time for Week 13 against the Vikings.
Brian Schwenke,NWE,OL,Foot,I-R,Schwenke has been placed on injured reserve due to a foot injury.
Jon Halapio,NYG,OL,Ankle,I-R,Halapio is on injured reserve due to fractures to his lower leg and ankle.
Jordan Williams,NYG,LB,Hip,I-R,Williams is on injured reserve due to a hip injury.
Cody Latimer,NYG,WR,Hamstring,I-R,Latimer has landed on injured reserve due to a hamstring injury.
Paul Perkins,NYG,RB,Pectoral,I-R,Perkins is on the IR/Non-Football Injury list with a torn pectoral.
Jonathan Stewart,NYG,RB,Foot,I-R,"Stewart is on injured reserve with a foot injury. He has been designated for return, but it is unclear if he will suit up against the Buccaneers on Sunday."
Curtis Riley,NYG,CB,Shoulder,probable,Riley is battling a shoulder injury but is on track to suit up against the Buccaneers on Sunday.
Elijhaa Penny,NYG,RB,Back,probable,Penny has a back injury but is projected to play Sunday against the Buccaneers.
Antonio Hamilton,NYG,CB,Hip,probable,Hamilton is nursing a hip injury but it is not expected to hinder his availability against the Buccaneers on Sunday.
Alec Ogletree,NYG,LB,Ribs,probable,Ogletree is hampered by injured ribs but is likely to be in Sunday's lineup against the Buccaneers.
B.J. Goodson,NYG,LB,Shoulder,questionable,Goodson has a shoulder injury and it is unclear if he will play Sunday against the Buccaneers.
R.J. McIntosh,NYG,DT,Illness,questionable,McIntosh has been activated from the IR/Non-Football Illness list after recovering from a thyroid condition. It is unclear if he will suit up Sunday against the Buccaneers.
Jawill Davis,NYG,WR,Concussion,questionable,Davis has missed the past two games with a concussion and it is uncertain if he will be cleared in time for Sunday's matchup against the Buccaneers.
Nick Gates,NYG,G,Foot,I-R,Gates has landed on injured reserve due to a foot issue and it is unknown if he will be activated in time for Sunday's game against the Buccaneers.
Sam Beal,NYG,CB,Shoulder,I-R,Beal is on injured reserve with a dislocated shoulder.
Kristjan Sokoli,NYG,DT,Knee,I-R,Sokoli has been placed on the injured reserve list with a knee injury.
Bilal Powell,NYJ,RB,Neck,I-R,Powell has landed on the injured reserve list due to a neck injury.
Doug Middleton,NYJ,S,Pectoral,I-R,Middleton has been placed on injured reserve due to a torn pectoral muscle.
Josh Martin,NYJ,LB,Concussion,I-R,Martin has been designated for injured reserve due to a concussion and it is uncertain if he will return Week 13 against the Titans.
Sam Darnold,NYJ,QB,Foot,probable,Darnold sat out the previous game due to a sprained foot but is projected to be available for Week 12 against the Patriots.
Robby Anderson,NYJ,WR,Ankle,questionable,Anderson missed the last game with an injured ankle and it is unknown if he will suit up against the Patriots in Week 12.
Kacy Rodgers,NYJ,S,Illness,out,Rodgers is sidelined due to an illness and there is no timetable for return.
Spencer Long,NYJ,C,Finger,questionable,Long was held out of the last game after sustaining a finger injury and it is unclear if he will participate in Week 12 against the Patriots.
Neal Sterling,NYJ,TE,Concussion,I-R,Sterling has landed on the injured reserve list due to concussion.
Ben Ijalana,NYJ,T,Shoulder,I-R,Ijalana has landed on the injured reserve list with a shoulder injury.
Delanie Walker,TEN,TE,Ankle,I-R,Walker has landed on injured reserve as he suffered a fracture and ligament damage to his right ankle.
Austin Barnard,TEN,K,Knee,I-R,Barnard has been sent to the injured reserve list due to a knee injury.
Kevin Pamphile,TEN,G,Tricep,I-R,Pamphile is on injured reserve due to a triceps injury and it is unknown if he will be activated in time for Week 12 against the Texans.
Tajae Sharpe,TEN,WR,Ankle,questionable,Sharpe is dealing with an ankle injury and it is unclear if he will play Sunday against the Colts.
Derrick Morgan,TEN,LB,Shoulder,probable,Morgan is sidelined with a shoulder injury but is expected to return Sunday against the Colts.
Dane Cruikshank,TEN,DB,Knee,probable,Cruikshank sat out the previous game due to a knee injury but is expected to be active against the Colts on Sunday.
Jack Conklin,TEN,T,Concussion,probable,Conklin was held out of the previous game due to a concussion but is on track to be cleared in time for Sunday's contest against the Colts.
Quinton Spain,TEN,G,Ankle,questionable,Spain is dealing with an ankle injury and his status for Sunday's clash against the Colts is up in the air.
Corey Levin,TEN,G,Illness,questionable,Levin is ailing from an illness and it is unclear if he will play Sunday against the Colts.
Taywan Taylor,TEN,WR,Foot,questionable,Taylor missed the last game due to a left foot injury and it is unclear if he will line up against the Colts on Sunday.
David Fluellen,TEN,RB,Knee,out,Fluellen left the last game due to a knee injury and will not be available Sunday against the Colts.
Tye Smith,TEN,CB,Arm,I-R,Smith has landed on the injured reserve with an upper-right arm injury.
Johnathan Cyprien,TEN,S,Knee,I-R,Cyprien is on injured reserve with a torn ACL.
Nate Palmer,TEN,LB,Leg,I-R,Palmer is on injured reserve with a left leg injury.
Elie Bouka,PHI,CB,Undisclosed,I-R,Bouka is on injured reserve with an unspecified injury
Rodney McLeod,PHI,S,Knee,I-R,McLeod is on injured reserve after having surgery to repair a torn ACL.
Derek Barnett,PHI,DE,Shoulder,I-R,Barnett has been placed on injured reserve with a torn rotator cuff in his shoulder.
Jay Ajayi,PHI,RB,Knee,I-R,Ajayi has landed on the injured reserve list due to a torn ACL in his left knee.
Richard Rodgers,PHI,TE,Knee,questionable,Rodgers has been activated from the Injured Reserve/Designated for Return list due to a knee injury and it is undetermined if he will suit up for Sunday's matchup against the Saints.
Jalen Mills,PHI,CB,Foot,out,Mills missed the last game with a foot injury and will not be in the lineup against the Saints on Sunday.
Lane Johnson,PHI,T,Knee,questionable,Johnson suffered a Grade 2 MCL sprain in his knee and it is unclear if he will be active Sunday against the Saints.
Ronald Darby,PHI,CB,Knee,I-R,Darby is on injured reserve with a torn right ACL.
Joshua Perkins,PHI,TE,Knee,I-R,Perkins has been placed on the injured reserve with a knee injury.
Mike Wallace,PHI,WR,Shin,I-R,Wallace is on the injured reserve list recovering from surgery to repair a fractured fibula. He is aiming to return at some point in December.
Haloti Ngata,PHI,DT,Knee,questionable,Ngata has a knee injury and it is unclear if he will play Sunday against the Saints.
Sidney Jones,PHI,CB,Hamstring,probable,Jones has missed the past three games due to a hamstring injury but will likely return to the field against the Saints on Sunday.
Mack Hollins,PHI,WR,Groin,I-R,Hollins is on the injured reserve list with a groin injury.
Malcolm Jenkins,PHI,S,Wrist,questionable,Jenkins hurt his wrist and his status against the Saints on Sunday is clouded.
Nelson Agholor,PHI,WR,Stinger,questionable,Agholor exited the last game due to a stinger and his availability against the Saints on Sunday is clouded.
Timmy Jernigan,PHI,DT,Back,I-R,Jernigan has landed on the IR/Non-Football Injury list after having offseason surgery to repair a herniated disc in his back. It is undetermined if he will be activated in time for Sunday's contest against the Saints.
Chris Maragos,PHI,S,Knee,I-R,Maragos has been placed on the active PUP list while recuperating from an injured PCL and it is unknown if he will return against the Saints on Sunday.
Darren Sproles,PHI,RB,Hamstring,out,Sproles has been sidelined with a hamstring injury and is without a timetable for return.
Paul Worrilow,PHI,LB,Knee,I-R,Worrilow is on the injured reserve list after sustaining an offseason torn ACL.
Ryan Malleck,PIT,TE,Undisclosed,I-R,Malleck is on injured reserve with an unspecified injury.
Keith Kelsey,PIT,LB,Pectoral,I-R,Kelsey has been placed on the injured reserve list due to a pectoral injury.
Joe Cheek,PIT,T,Foot,I-R,Cheek is on injured reserve with a foot injury.
Markus Golden,PIT,DE,Knee,I-R,Golden has landed on injured reserve due to a knee injury.
Trey Johnson,PIT,DB,Shoulder,I-R,Johnson is on the injured reserve with a shoulder injury.
Ryan Shazier,PIT,LB,Back,I-R,Shazier is on the PUP list as he had spinal stabilization surgery and is expected to miss the entire season.
Nat Berhe,PIT,S,Pectoral,I-R,Berhe is on injured reserve due to an injury to his pectoral muscle. It is unknown if he will be designated for return against the Chargers in Week 13.
Stephon Tuitt,PIT,DE,Elbow,out,Tuitt will not play against the Jaguars on Sunday as he is dealing with a hyperextended right elbow.
Marcus Gilbert,PIT,T,Knee,out,Gilbert has missed the past three games due to a knee injury and will not return Sunday against the Jaguars.
James Conner,PIT,RB,Concussion,probable,Conner left the last game due to a concussion and has been placed in the concussion protocol. He is expected to be cleared in time for Sunday's matchup against the Jaguars.
Olasunkanmi Adeniyi,PIT,LB,Hamstring,I-R,Adeniyi has been placed on injured reserve due to a hamstring injury and it is unclear if he will make his season debut against the Jaguars on Sunday.
Eli Rogers,PIT,WR,Suspension,I-R,Rogers is on the active PUP list while recovering from a torn ACL and has also been suspended one game for violating the league's substance abuse policy upon his return. His status against the Jaguars has yet to be established.
Daniel McCullers,PIT,DT,Ankle,questionable,McCullers missed the previous game due to an ankle injury and it is unknown if he will participate in Sunday's contest against the Jaguars.
Le'Veon Bell,PIT,RB,Holdout,out,Bell will sit out the remainder of the season as he did not report to the team by a league imposed deadline after holding out for a new contract.
Jake McGee,PIT,TE,Achilles,I-R,McGee has landed on injured reserve due to a torn Achilles.
Jerald Hawkins,PIT,T,Quadricep,I-R,Hawkins is on the injured reserve list due to offseason surgery to repair a torn quadriceps.
Mike Nugent,OAK,K,Hip,I-R,Nugent has been placed on injured reserve due to a hip injury and it is uncertain if he will be activated prior to Week 12 against the Ravens.
Chris Warren,OAK,RB,Knee,I-R,Warren III had surgery to repair a knee injury and is on injured reserve.
Andrew DePaola,OAK,LS,Knee,I-R,DePaola is on injured reserve with a torn ACL.
Dexter McDonald,OAK,CB,Ankle,I-R,McDonald is on the injured reserve list due to an ankle injury.
Tevin Mitchel,OAK,S,Undisclosed,I-R,Mitchel has landed on injured reserve with an unlisted ailment.
Eddy Pineiro,OAK,K,Groin,I-R,Pineiro has been placed on the injured reserve list with a groin injury.
Marshawn Lynch,OAK,RB,Groin,I-R,Lynch has landed on the injured reserve list and has had surgery to repair a groin injury. He will have to sit out at least eight weeks.
Donald Penn,OAK,T,Leg,I-R,Penn suffered a leg injury and is on injured reserve. It is undetermined if he will be designated for return against the Chiefs in Week 13.
Nick Nelson,OAK,CB,Illness,questionable,Nelson is dealing with an unspecified illness and it is unclear if he will be available for Sunday's game against the Cardinals.
Jordy Nelson,OAK,WR,Knee,out,Nelson exited the previous game due to a bone bruise in his knee and will not face the Cardinals on Sunday.
Rodney Hudson,OAK,C,Ankle,questionable,Hudson is dealing with a nagging ankle injury and it is unknown if he will suit up against the Cardinals on Sunday.
Kyle Wilber,OAK,LB,Knee,questionable,Wilber was lifted from the last game due to a knee injury and his status is in question for Sunday's matchup against the Cardinals.
Gareon Conley,OAK,CB,Groin,questionable,Conley has a groin injury and it is unclear if he will play Sunday against the Cardinals.
Kelechi Osemele,OAK,G,Knee,questionable,Osemele is battling a knee injury and it is uncertain if he will be available Sunday against the Cardinals.
Daryl Worley,OAK,CB,Shoulder,questionable,Worley is hampered by a shoulder injury and it has yet to be established if it will hinder his availability for Sunday's matchup against the Cardinals.
Justin Ellis,OAK,DT,Foot,I-R,Ellis strained ligaments in his foot and is on the injured reserve list. It is undetermined if he will be activated in time for Sunday's contest against the Cardinals.
Marcus Gilchrist,OAK,S,Ribs,questionable,Gilchrist departed the previous game due to injured ribs and it is unknown if he will take part in Sunday's matchup against the Cardinals.
Eddie Vanderdoes,OAK,DT,Knee,I-R,Vanderdoes has been placed on the active PUP list as he recovers from a torn ACL in his left knee.
Martavis Bryant,OAK,WR,Knee,out,Bryant is expected to miss an extended period of time as he suffered an injury to the PCL in his left knee.
T.J. Clemmings,OAK,T,Knee,I-R,Clemmings has landed on injured reserve with a knee injury.
Ahtyba Rubin,OAK,DT,Bicep,I-R,Rubin is on the injured reserve list due to a torn biceps.
Garrett Sickels,LAR,LB,Undisclosed,I-R,Sickels has landed on the injured reserve list due to an unspecified injury.
Kendal Thompson,LAR,WR,Undisclosed,I-R,Thompson has landed on injured reserve with an undisclosed injury.
Dominique Easley,LAR,LB,Knee,I-R,Easley has landed on injured reserve while recovering from surgery to repair a knee injury and it is unclear if he will return during Week 13 against the Lions.
Mike Thomas,LAR,WR,Groin,I-R,Thomas has been placed on injured reserve with a groin injury and it is unknown if he will be activated prior to Monday's game against the Chiefs.
Ogbonnia Okoronkwo,LAR,LB,Foot,questionable,Okoronkwo has been activated from the active PUP list as he has recovered from a broken foot but it is unclear if he will return Monday against the Chiefs.
Pharoh Cooper,LAR,WR,Ankle,I-R,Cooper is on the Injured Reserve/Designated for Return list after sustaining a substantial ankle injury and it is unclear if he will be activated in time for Monday's contest against the Chiefs.
Cooper Kupp,LAR,WR,Knee,out,Kupp tore the ACL in his left knee and will miss the remainder of the season.
Aqib Talib,LAR,CB,Ankle,I-R,Talib is on injured reserve after having surgery to repair a high-ankle sprain but is likely to return against the Lions in Week 13.
Morgan Fox,LAR,DE,Knee,I-R,Fox suffered a torn ACL and has been placed on injured reserve.
Kevin Peterson,LAR,CB,Knee,I-R,Peterson has been placed on the injured reserve list with a torn ACL.
De'Lance Turner,BAL,RB,Hamstring,I-R,Turner has landed on the injured reserve list with a hamstring injury.
Tim Williams,BAL,LB,Ankle,out,Williams was absent from the lineup during the previous game due to an ankle injury and will not appear in the lineup against the Bengals on Sunday.
James Hurst,BAL,G,Back,out,Hurst has been held out of the previous two games with a back injury and will not be in the lineup against the Bengals on Sunday.
Joe Flacco,BAL,QB,Hip,doubtful,Flacco is bothered by a right hip issue and it is unlikely he will take the field against the Bengals on Sunday.
Kenneth Dixon,BAL,RB,Knee,questionable,Dixon has been activated from injured reserve with a knee injury and it is unclear if he will be activated in time for Sunday's tilt against the Bengals.
Ty Montgomery,BAL,RB,Acquired,probable,Montgomery was recently acquired via a trade but is expected to be available for Sunday's game against the Bengals.
Willie Henry,BAL,DT,Back,I-R,Henry is on injured reserve due to a herniated disc in his back and will not return this season.
Kaare Vedvik,BAL,P,Upper Body,I-R,Vedvik has landed on the Injured Reserve/Non-Football-Injury list with an upper-body ailment and will sit out the remainder of the season.
Anthony Levine,BAL,DB,Ankle,questionable,Levine Sr. is hobbled by an ankle injury and it has yet to be determined if he will face the Bengals on Sunday.
Lamar Jackson,BAL,QB,Stomach,questionable,Jackson is dealing with a stomach issue and it is unclear if he will be available for Sunday's game against the Bengals.
Ronnie Stanley,BAL,T,Ankle,questionable,Stanley missed the previous game with a left ankle injury and it is unclear if he will suit up against the Bengals on Sunday.
Tony Jefferson,BAL,S,Thigh,questionable,Jefferson has a thigh injury and it is unclear if he will play Sunday against the Bengals.
Jaylen Hill,BAL,CB,Knee,I-R,Hill has landed on the PUP list while recovering from a torn ACL and MCL in his right knee. It is unclear if he will be activated in time for Sunday's contest against the Bengals.
Bam Bradley,BAL,LB,Knee,I-R,Bradley has been placed on the PUP list as he heals from a torn ACL from the 2017 season. It is uncertain if he will play Sunday against the Bengals.
Quincy Adeboyejo,BAL,WR,Leg,I-R,Adeboyejo has been placed on the PUP list after having surgery to repair an upper-leg muscle and it is unclear if he will suit up against the Bengals on Sunday.
Jordan Lasley,BAL,WR,Hamstring,questionable,Lasley missed the last game due to a hamstring injury and it is undetermined if he will play against the Bengals on Sunday.
Tavon Young,BAL,CB,Ankle,questionable,Young left the previous game due to an ankle injury and it has yet to be established if he will partake in Sunday's contest against the Bengals.
Bradley Bozeman,BAL,C,Calf,questionable,Bozeman has sat out the past two games due to a calf injury and it is undetermined if he will participate in Sunday's tilt against the Bengals.
Maurice Canady,BAL,CB,Thigh,I-R,Canady has been placed on the Injured Reserve/Designated for Return list due to an injured thigh and it is undetermined if he will be activated in time for Sunday's game against the Bengals.
Greg Senat,BAL,T,Toe,I-R,Senat has been placed on injured reserve with turf toe.
Stanley Jean-Baptiste,BAL,CB,Forearm,I-R,Jean-Baptiste has been placed on the injured reserve list with a broken arm.
DeShon Elliott,BAL,S,Forearm,I-R,Elliott has been placed on injured reserve with a broken forearm and is expected to sit out the entire 2018 season.
Jaleel Scott,BAL,WR,Hamstring,I-R,Scott has landed on injured reserve due to a substantial hamstring injury.
Artavis Scott,LAC,WR,Ankle,I-R,Scott has been placed on injured reserve due to an ankle injury.
Trevor Williams,LAC,CB,Knee,out,Williams sat out the last game with a knee injury and will not suit up for Sunday's contest against the Broncos.
Mike Williams,LAC,WR,Groin,probable,Williams is likely to play against the Broncos on Sunday despite a groin injury.
Keenan Allen,LAC,WR,Hip,probable,Allen is expected to partake in Sunday's matchup against the Broncos despite hip and finger injuries.
Chris Landrum,LAC,DE,Hip,probable,Landrum missed his second-straight game with a hip injury but is on track to be active Sunday against the Broncos.
Antonio Gates,LAC,TE,Knee,questionable,Gates has a knee injury and it is unclear if he will play Sunday against the Broncos.
Sam Tevi,LAC,T,Head,questionable,Tevi exited the previous game due to a head injury and it is uncertain if he will partake in Sunday's matchup against the Broncos.
Denzel Perryman,LAC,LB,Knee,I-R,Perryman is on injured reserve with an injury to the LCL in his left knee and an injured hamstring as well.
Joey Bosa,LAC,DE,Foot,questionable,Bosa is sidelined due to a bone bruise in his foot and it is unclear if he will return to action Sunday against the Broncos.
Hunter Henry,LAC,TE,Knee,I-R,Henry suffered a torn ACL in his right knee and is on the PUP list and it is unknown if he will return sometime in December.
Kyzir White,LAC,LB,Knee,I-R,White has been placed on injured reserve with a knee injury.
Jaylen Watkins,LAC,DB,Knee,I-R,Watkins has been designated for injured reserve due to a torn ACL.
Austin Roberts,LAC,TE,Knee,I-R,Roberts suffered a torn ACL and is on the injured reserve list.
Jason Verrett,LAC,CB,Achilles,I-R,Verrett has landed on the injured reserve list due to a torn Achilles.
Amara Darboh,SEA,WR,Knee,I-R,Darboh has been placed on injured reserve due after having knee surgery.
Ricky Ali'ifua,SEA,DE,Concussion,I-R,Ali'ifua is on injured reserve with a concussion.
Emmanuel Beal,SEA,LB,Undisclosed,I-R,Beal has been placed on the injured reserve list due to an unspecified ailment.
Kam Chancellor,SEA,S,Neck,I-R,Chancellor has been designated for the PUP list due to a severe neck injury he suffered last season and has not been cleared to play by team doctors. He is expected to miss the entire 2018 season.
Jamarco Jones,SEA,T,Ankle,I-R,Jones had surgery to repair a high-ankle sprain and is on the injured reserve list.
Mychal Kendricks,SEA,LB,Suspension,out,Kendricks has been suspended for an eight games due to violating the league's personal conduct policy but is likely to return during Week 14 versus the Vikings.
T.J. Green,SEA,S,Personal,I-R,Green has reverted to the injured reserve list after passing through waivers due to personal reasons.
Will Dissly,SEA,TE,Knee,I-R,Dissly has been placed on injured reserve with a torn patella in his knee.
Earl Thomas,SEA,S,Leg,I-R,Thomas is on injured reserve due to a lower-leg fracture.
Neiko Thorpe,SEA,CB,Groin,questionable,Thorpe has missed the past four games with a groin injury and it is unclear if he will return Week 12 against the Panthers.
Rashaad Penny,SEA,RB,Ankle,questionable,Penny left the previous game with an ankle injury and it is unclear if he will be available against the Panthers in Week 12.
K.J. Wright,SEA,LB,Knee,questionable,Wright missed the last game due to a nagging knee injury and it is unknown if he will line up against the Panthers in Week 12.
J.D. McKissic,SEA,RB,Foot,I-R,McKissic has landed on injured reserve due to a fracture in his foot and will not be activated in time for Week 12 against the Panthers.
Dion Jordan,SEA,DE,Knee,questionable,Jordan sat out the previous game with a knee injury and his availability against the Panthers during Week 12 is up in the air.
Delano Hill,SEA,S,Quadricep,questionable,Hill was held out of the last game with an injured quadriceps and his status is in question for Week 12 against the Panthers.
Jimmy Garoppolo,SFO,QB,Knee,I-R,Garoppolo has been designated for the injured reserve list due to a torn ACL.
Kentavius Street,SFO,DL,Knee,I-R,Street has been placed on the IR/Non-Football Injury list as he is recuperating from offseason surgery to fix a torn ACL and is unlikely to play during the 2018 season.
Brock Coyle,SFO,LB,Concussion,I-R,Coyle has been placed on injured reserve with a broken bone in his back and a concussion.
Jerick McKinnon,SFO,RB,Knee,I-R,McKinnon suffered a torn ACL and is on injured reserve.
Adrian Colbert,SFO,DB,Ankle,I-R,Colbert has landed on injured reserve due to a right high-ankle sprain.
Reuben Foster,SFO,LB,Hamstring,questionable,Foster has been held out of the previous two games due to a hamstring injury and it is unknown if he will be the lineup against the Buccaneers during Week 12.
Jaquiski Tartt,SFO,S,Shoulder,questionable,Tartt has sat out the past two games due to a shoulder injury and it is unclear if he will line up against the Buccaneers in Week 12.
D.J. Reed,SFO,DB,Lower Body,questionable,Reed Jr. left the last game due to a lower-body injury and it is uncertain if he will face the Buccaneers in Week 12.
Marquise Goodwin,SFO,WR,Head,questionable,Goodwin exited the last game with a head injury and it is undetermined if he will be active Week 12 against the Buccaneers.
Pierre Garcon,SFO,WR,Knee,questionable,"Garcon missed the last game due to a knee injury, leaving his status for Week 12 against the Buccaneers up in the air."
Raheem Mostert,SFO,RB,Forearm,I-R,Mostert has been placed on the injured reserve with a fractured right forearm.
Emmanuel Moseley,SFO,CB,Arm,I-R,Moseley had surgery on his left shoulder and is on injured reserve.
Chris Conte,TAM,S,Knee,I-R,Conte is on injured reserve due to a torn PCL in his knee and it is uncertain if he will be activated prior to Week 12 against the 49ers.
Stevie Tu'ikolovatu,TAM,DT,Tricep,I-R,Tu'ikolovatu has been placed on the injured reserve list with a torn triceps.
Maurice Fleming,TAM,DB,Knee,I-R,Fleming is on injured reserve with a knee injury.
Kwon Alexander,TAM,LB,Knee,I-R,Alexander has been designated for the injured reserve list due to a torn ACL in his right knee.
Jack Cichy,TAM,LB,Knee,I-R,Cichy has been placed on the injured reserve list due to a torn ACL is his left knee.
Kendell Beckwith,TAM,LB,Ankle,I-R,Beckwith is on the IR/Non-Football Injury list while he recovers from a fractured ankle and will not be activated in time for Sunday's contest against the Giants.
Ronald Jones,TAM,RB,Hamstring,out,Jones II sat out the previous game due to a hamstring strain and will not take the field versus the Giants on Sunday.
Vinny Curry,TAM,DE,Ankle,out,Curry was absent from the lineup during the previous game with an ankle injury and will not be available against the Giants on Sunday.
M.J. Stewart,TAM,CB,Foot,out,Steward has missed the past two games due to a foot injury and will not face the Giants on Sunday.
Chris Godwin,TAM,WR,Ankle,questionable,Godwin is dealing with an ankle injury and it is unknown if he will partcipate in Sunday's game against the Giants.
Justin Evans,TAM,S,Toe,out,Evans exited the previous game due to a toe injury and will not be active Sunday against the Giants.
Lavonte David,TAM,LB,Knee,out,David will not play Sunday against the Giants due to a sprained MCL in his knee.
Ryan Jensen,TAM,C,Hamstring,questionable,Jensen hurt his hamstring and it has yet to be determined if he will be on the field against the Giants on Sunday.
Demar Dotson,TAM,T,Knee,questionable,Dotson has injuries to his knee and shoulder. It is unclear if he will play Sunday against the Giants.
Peyton Barber,TAM,RB,Ankle,probable,Barber is likely to play Sunday against the Giants despite injuries to his ankle and shoulder.
Beau Allen,TAM,DT,Foot,questionable,Allen is bothered by a foot injury and it is uncertain if he will be available Sunday against the Giants.
Carl Nassib,TAM,DL,Elbow,questionable,Nassib is dealing with an injured elbow and it is unknown if he will suit up against the Giants on Sunday.
Shaun Wilson,TAM,RB,Shoulder,I-R,Wilson has been placed on the injured reserve list due to a shoulder injury.
Evan Dietrich-Smith,TAM,OL,Hip,I-R,Smith has been placed on injured reserve with a hip injury.
Vernon Hargreaves,TAM,CB,Shoulder,I-R,Hargreaves is on injured reserve with a torn labrum in his shoulder. It is uncertain if he will be activated prior to Sunday's contest against the Giants.
Mitch Unrein,TAM,DT,Concussion,I-R,Unrein is on injured reserve with a concussion and it is unknown if he will return to action Sunday against the Giants.
Sergio Bailey,TAM,WR,Ankle,I-R,Bailey II in on the injured reserve list after having surgery for an ankle injury.
Arie Kouandjio,WAS,G,Quadricep,I-R,Kouandjio is on the injured reserve list due to a torn quadriceps.
Cam Sims,WAS,WR,Ankle,I-R,Sims suffered a high-ankle sprain and is on the injured reserve list as a result.
Tyler Catalina,WAS,G,Shoulder,I-R,Catalina has been placed on injured reserve after having a procedure performed on his shoulder.
Troy Apke,WAS,S,Hamstring,I-R,Apke is on the injured reserve list due to a hamstring injury.
Byron Marshall,WAS,RB,Ankle,questionable,Marshall has been activated from the Injured Reserve/Designated for Return list and it is unclear if he will make his season debut against the Texans on Sunday.
Dustin Hopkins,WAS,K,Groin,questionable,Hopkins is tending to a right groin injury and it is unknown if he will be available against the Texans on Sunday.
Samaje Perine,WAS,RB,Knee,out,Perine is bothered by injuries to his knee and calf and will not suit up for Sunday's game against the Texans.
Trent Williams,WAS,T,Thumb,questionable,Williams suffered a dislocated right thumb and it is unclear if he will play Sunday versus the Texans.
Quinton Dunbar,WAS,CB,Shin,questionable,Dunbar is sidelined due to a shin injury and it is unclear if he will take the field Sunday against the Texans.
Jamison Crowder,WAS,WR,Ankle,out,Crowder sustained a sprained ankle and will not return to the lineup against the Texans on Sunday.
Chris Thompson,WAS,RB,Ribs,out,Thompson has sat out the past two games due to injured ribs and will not return Sunday against the Texans.
Morgan Moses,WAS,T,Knee,questionable,Moses is bothered by a knee injury and it is uncertain if it will hinder his availability for Sunday's game against the Texans.
Adrian Peterson,WAS,RB,Shoulder,probable,Peterson is expected to play Sunday against the Texans despite a nagging shoulder injury.
Da'Ron Payne,WAS,DL,Shoulder,questionable,Payne is hampered by a shoulder injury and it has yet to be determined if he will appear in Sunday's lineup against the Texans.
Montae Nicholson,WAS,S,Illness,questionable,Nicholson is ailing from an illness and it is unclear if the symptoms will subside in time for Sunday's clash against the Texans.
Trey Quinn,WAS,WR,Ankle,questionable,Quinn has been activated from the Injured Reserve/Designated for Return list as he has recovered from a high-ankle sprain but it is uncertain if he will be available for Sunday's matchup against the Texans.
Ty Nsekhe,WAS,T,Ankle,questionable,Nsekhe has an injured ankle and his availability Sunday against the Texans is hazy.
Robert Kelley,WAS,RB,Toe,I-R,Kelley has landed on injured reserve due to a toe injury and it is unknown if he will be activated in time for Sunday's contest against the Texans.
Geron Christian,WAS,T,Knee,I-R,Christian Sr. has been designated for injured reserve due to a torn MCL in his knee.
Paul Richardson,WAS,WR,Shoulder,I-R,Richardson Jr. is on injured reserve due to an AC joint injury in his shoulder.
Shawn Lauvao,WAS,G,Knee,I-R,Lauvao has been placed on the injured reserve list due to a torn ACL in his right knee.
Brandon Scherff,WAS,G,Pectoral,I-R,Scherff has landed on the injured reserve list as he tore his left pectoral muscle.
Derrius Guice,WAS,RB,Knee,I-R,Guice is on injured reserve with a torn ACL in his left knee.
Manasseh Garner,WAS,TE,Knee,I-R,Garner has been placed on the injured reserve list with a torn ACL.
Robert Davis,WAS,WR,Leg,I-R,Davis has been designated for injured reserve after suffering a broken leg and a torn LCL.
